<?xml version="1.0" encoding="UTF-8"?>
<items>
	<item id="1" name="레몬">
		<price>3000</price>
		<description> 레몬에 포함되어 있는 쿠엔산은 피로회복</description>
	</item>
	<item id="2" name="키위">
		<price>2000</price>
		<description> 비타민C가 매우 풍부하다. 다이에트와 미용</description>
	</item>
	<item id="3" name="블루베리">
		<price>5000</price>
		<description> 블루베리에 포함된 눈피로에 효과</description>
	</item>
	<item id="4" name="체리">
		<price>5000</price>
		<description> 체리는 맛이 단 성분이 많고 피로회복</description>
	</item>
	<item id="5" name="메론">
		<price>5000</price>
		<description> 메론에는 비타민A와 칼륨이 많이 포함</description>
	</item>
	<item id="6" name="수박">
		<price>15000</price>
		<description> 수분이 풍부한 과일이다.</description>
	</item>
</items>